{"cameraMode":{"drawMode":0,"name":"Shaded","section":"Shading Mode"},"sceneLighting":false,"audioPlay":false,"sceneViewState":{"m_AlwaysRefresh":false,"showFog":true,"showSkybox":false,"showFlares":true,"showImageEffects":true,"showParticleSystems":true,"showVisualEffectGraphs":true,"m_FxEnabled":true},"in2DMode":false,"pivot":{"x":0.23592326045036317,"y":-0.21017687022686006,"z":-0.0073933470994234089},"rotation":{"x":-0.11593957990407944,"y":0.8823874592781067,"z":-0.2922280430793762,"w":-0.35008490085601809},"size":0.988278865814209,"orthographic":false}