{"cameraMode":{"drawMode":0,"name":"Shaded","section":"Shading Mode"},"sceneLighting":true,"audioPlay":false,"sceneViewState":{"m_AlwaysRefresh":false,"showFog":true,"showSkybox":true,"showFlares":true,"showImageEffects":true,"showParticleSystems":true,"showVisualEffectGraphs":true,"m_FxEnabled":true},"in2DMode":false,"pivot":{"x":3.260375738143921,"y":0.14885888993740083,"z":3.735804796218872},"rotation":{"x":0.053918998688459399,"y":0.928568422794342,"z":-0.3355995714664459,"w":0.14918531477451325},"size":5.438986778259277,"orthographic":true}