{"cameraMode":{"drawMode":0,"name":"Shaded","section":"Shading Mode"},"sceneLighting":true,"audioPlay":false,"sceneViewState":{"m_AlwaysRefresh":false,"showFog":true,"showSkybox":true,"showFlares":true,"showImageEffects":true,"showParticleSystems":true,"showVisualEffectGraphs":true,"m_FxEnabled":true},"in2DMode":false,"pivot":{"x":0.8972791433334351,"y":3.411195993423462,"z":-1.2177879810333253},"rotation":{"x":-0.17780345678329469,"y":0.36006757616996767,"z":-0.07010988146066666,"w":-0.9131422638893127},"size":0.3197498023509979,"orthographic":false}